[
    {
        "artikel": "Birnen",
        "menge": 3
    },
    {
        "artikel": "Butter",
        "menge": 1
    },
    {
        "artikel": "Kohl",
        "menge": 1
    },
    {
        "artikel": "Pfeffer",
        "menge": 1
    },
    {
        "artikel": "Salat",
        "menge": 1
    },
    {
        "artikel": "Thomaten",
        "menge": 5
    },
    {
        "artikel": "Tomaten",
        "menge": 4
    },
    {
        "artikel": "Zwiebel",
        "menge": 2
    }
]